{
    "params": {
        "epochs": 10,
        "batch_size": 32,
        "seq_len": 30,
        "units": 100
    },
    "mse": 2.3007198153090522,
    "training_loss": 0.0010723350569605827,
    "validation_loss": 0.0004996157367713749,
    "sobreentrenado": false
}